{
  "A": {
    "precision": 0.8618421052631579,
    "recall": 0.9492753623188406,
    "f1-score": 0.903448275862069,
    "support": 138.0
  },
  "A7": {
    "precision": 0.8275862068965517,
    "recall": 1.0,
    "f1-score": 0.9056603773584906,
    "support": 192.0
  },
  "Am": {
    "precision": 0.9427480916030534,
    "recall": 0.8821428571428571,
    "f1-score": 0.9114391143911439,
    "support": 280.0
  },
  "C": {
    "precision": 0.9607843137254902,
    "recall": 0.8626760563380281,
    "f1-score": 0.9090909090909091,
    "support": 284.0
  },
  "D": {
    "precision": 0.8087649402390438,
    "recall": 0.8675213675213675,
    "f1-score": 0.8371134020618557,
    "support": 234.0
  },
  "Dm": {
    "precision": 0.8835616438356164,
    "recall": 0.7010869565217391,
    "f1-score": 0.7818181818181819,
    "support": 184.0
  },
  "E": {
    "precision": 0.8552631578947368,
    "recall": 0.6770833333333334,
    "f1-score": 0.7558139534883721,
    "support": 672.0
  },
  "E7": {
    "precision": 0.5505882352941176,
    "recall": 0.7177914110429447,
    "f1-score": 0.6231691078561917,
    "support": 326.0
  },
  "Em": {
    "precision": 0.8076923076923077,
    "recall": 0.9479166666666666,
    "f1-score": 0.8722044728434505,
    "support": 288.0
  },
  "G": {
    "precision": 0.9644670050761421,
    "recall": 0.9895833333333334,
    "f1-score": 0.9768637532133676,
    "support": 192.0
  },
  "accuracy": 0.8240143369175628,
  "macro avg": {
    "precision": 0.8463298007520217,
    "recall": 0.8595077344219112,
    "f1-score": 0.8476621547984033,
    "support": 2790.0
  },
  "weighted avg": {
    "precision": 0.8381759741506046,
    "recall": 0.8240143369175628,
    "f1-score": 0.8249101580542432,
    "support": 2790.0
  }
}